{
  "schema_version": "v1",
  "run_id": "20251113-142012Z-a1b2c3d-01",
  "created_utc": "2025-11-13T02:51:51Z",
  "host": {
    "machine": "WIN-DIFF-01",
    "os": "Windows 11 Pro 23H2",
    "labview_version": "2023 SP1 64-bit",
    "labviewcli": "C:\\\\Program Files\\\\National Instruments\\\\Shared\\\\LabVIEW CLI\\\\LabVIEWCLI.exe",
    "lvcompare_version": "2023 SP1"
  },
  "compare_summary": {
    "total_pairs": 2,
    "completed": 2,
    "failed": 0,
    "skipped": 0,
    "duration_sec": 151
  },
  "raw_artifacts": {
    "primary_dir": "out/local-ci-windows/20251113-142012Z-a1b2c3d-01/raw",
    "checksums": "out/local-ci-windows/20251113-142012Z-a1b2c3d-01/checksums/sha256sums.txt"
  },
  "session_index_file": "out/local-ci-windows/20251113-142012Z-a1b2c3d-01/raw/session-index.json",
  "logs": [
    "out/local-ci-windows/20251113-142012Z-a1b2c3d-01/logs/windows-watch.log"
  ],
  "status": "ok",
  "notes": "No rendering performed. Ubuntu should ingest raw artifacts and render final reports."
}